Q3E731, P07143, P35180, P07213, Q08749, P00830, P00424, P50110, P61829, P57744, P80967, P36046, O74700, P53969, P04710, P00890, P32378, P87108, P10507, P32839, Q04341, P32897, Q07914, P27882, P28834, Q01852, Q07540, P07251, P14693, P23644, P36147, P04840, Q06510, P11914, P53220, P19882, Q02776, O60200, Q03667, P32830, P33448, Q12328, P42949, P00175, P39515, P53299, P47045, P53507, P19414, P04037, Q12287, P49334, P38523, P23641, P40202, P32891, P53193
Q3E731, P07143, P35180, P07213, Q08749, P00830, P00424, P50110, P61829, P57744, P80967, P36046, O74700, P53969, P04710, P00890, P32378, P87108, P10507, P32839, Q04341, P32897, Q07914, P27882, P28834, Q01852, Q07540, P07251, P14693, P23644, P36147, P04840, Q06510, P11914, P53220, P19882, Q02776, O60200, Q03667, P32830, P33448, Q12328, P42949, P00175, P39515, P53299, P47045, P53507, P19414, P04037, Q12287, P49334, P38523, P23641, P40202, P32891, P53193
Q06103, P40555, P38170, Q12377, P22141, Q03290, P32944, P15873, P53091, P21951, P33298, Q06156, P13382, P15790, Q08032, P32496, P40303, P40302, P38886, P50086, P38989, P32943, P32364, P43588, P06785, P38764, P30657, P05759, P30283, P24868, P24869, Q04062, P26754, P23748, Q01939, P25451, P21243, P07807, P15436, Q12250, P21242, P40016, P23639, P29496, Q12267, P24279, P46957, P40339, P32562, P32565, Q04410, P32567, P09938, P38121, P01123, P30665, Q06680, P24871, P24870, P32379, P38859, P38251, P29469, P00546, P38930, P24482, P38630, P33297, P37366, P33299, P26793, P20457, P19454, Q08723, P25043, P40327, P22336, P23724, P0CH08, P0CH09, P40348, P53197, P43639, P54784, P30656, P53549, P38624, P23638, P38132, P10363, P38629, P06242
Q06103, P40555, P32829, P38170, Q12377, P22141, Q03290, P32944, P15873, P53091, P29311, P21951, P22216, P33298, Q06156, P13382, P15790, P46946, Q08032, P32496, P40303, P40302, P38886, P34730, P50086, P38989, P32943, P32364, P43588, P06785, P38764, P38147, P30657, P05759, P30283, P24868, P24869, Q04062, P26754, P23748, Q01939, P25451, P21243, P07807, P15436, Q12250, P21242, P40016, P23639, P29496, Q12267, P24279, P46957, P40339, P32562, P32565, Q04410, P32567, P09938, P38121, P01123, P30665, Q06680, P24871, P24870, P32379, P38859, P38251, P29469, P00546, P38930, P24482, P38630, P33297, P37366, P33299, P26793, P20457, P19454, Q08723, P38110, P25043, P40327, P22336, P23724, P0CH08, P0CH09, P40348, P12753, P53197, P43639, P54784, P33301, P30656, P53549, P38624, P23638, P38132, P10363, P38629, P06242
Q03761, Q06103, P0C0T4, P40555, P0CX84, P0CX85, P0CX82, P0CX83, P0C2H7, P38754, P41318, P05743, P05740, P05747, P05749, P54999, Q12377, P20435, P20434, P40422, P20436, P20433, P26783, P22141, Q3E7X9, Q03290, P0C2H9, Q02939, P38798, P26786, P25441, P34160, P19735, O13516, Q08745, P32502, P32501, P32914, P32910, P36014, P06367, P43321, P22217, P49166, P49167, P32600, P38711, P33298, P22276, P16370, P24000, P0C0W9, P38431, P32324, P12385, P38061, Q02753, P38873, P26785, P23394, P39990, P0CX23, P0CX24, P0CX27, P0CX28, P0CX25, P0CX26, P48589, Q00578, P0CX29, P0CX30, P38912, P26784, P39936, P14741, P02406, P02407, P02400, P28000, P17890, P05745, P32496, P32497, P32558, P40303, P40302, P13393, P38886, P11747, P50086, P32367, Q99383, P14126, P14120, P32774, P43588, P32776, P41805, P38764, P30657, P05750, P05755, P05756, P05759, P30771, P22139, P29055, P29056, Q12099, P41896, P0CX39, P0CX40, Q04062, P32783, P39933, P41056, P41057, Q01939, P29453, P27999, P40581, P25451, P09032, Q01560, Q04693, P21243, P49626, P27692, Q04673, P40204, P47977, P47976, P0C0V8, Q02260, P22803, P46678, P04051, Q99181, Q12250, Q01855, P38217, P51401, P21242, P34087, P0C2H8, Q04307, P40016, P40018, P23639, P25443, P33339, P39938, Q05027, P32481, P26321, P32565, P00817, P06103, P23248, P41921, P0CX33, P0CX34, P07280, Q06632, P06839, P53221, Q02554, Q04636, P0CX55, P0CX56, P0CX49, P0CX50, P0CX51, P0CX52, P0CX53, P0CX54, P17076, P34760, Q04226, Q03254, P32379, P35169, P39730, Q12672, P05319, P36100, Q12030, P35718, P49955, P12709, Q06224, P20459, P05317, P11412, P33297, P37366, P33299, Q08920, Q04120, P38203, Q3E7Y3, P05739, P07703, Q08723, P39516, P25043, P04456, P34111, P23255, Q06819, P32349, P40327, P09064, P0CX47, P0CX48, P23724, P07260, Q06217, P0CH08, P0CH09, Q12004, P40217, P40212, P38701, P04147, P40525, P38129, P54780, P30656, P53549, P0CX43, P0CX44, P0CX41, P0CX42, P0CX45, P0CX46, P39935, P12754, P38013, P32905, P56628, P04650, P38624, O14455, P47076, P0CX35, P0CX36, P0CX37, P0CX38, P0CX31, P0CX32, Q12330, P38249, P0C0W1, Q06151, P38902, P23638, Q12123, Q3E792, P46677, Q04067, P33334, P05453, P53040, P06242
Q06103, P40555, Q12377, P22141, P15873, P53091, P21951, P33298, P13382, Q08032, P32496, P40303, P40302, P38886, P50086, P43588, P38764, P30657, P05759, Q04062, P26754, P23748, Q01939, P25451, P21243, P15436, Q12250, P21242, P40016, P23639, P29496, P24279, P46957, P40339, P32565, P38121, P30665, P32379, P38859, P38251, P29469, P24482, P38630, P33297, P33299, P26793, P20457, Q08723, P25043, P40327, P22336, P23724, P0CH08, P0CH09, P40348, P54784, P30656, P53549, P38624, P23638, P38132, P10363, P38629
Q03761, P20435, P20434, P40422, P20436, P20433, Q03290, Q02939, P25441, P34160, P32914, P32910, P22276, P16370, Q00578, P28000, P17890, P32558, P13393, P11747, P32367, P32774, P32776, P22139, P29055, P29056, P41896, P32783, P39933, P27999, P27692, Q04673, P46678, P04051, P34087, Q04307, P33339, Q05027, P06839, Q04636, Q04226, Q03254, P36100, Q12030, P35718, P37366, Q08920, P07703, P34111, P23255, P32349, Q12004, P38129, P47076, P38902, P46677, P53040, P06242
Q06103, P40555, Q12377, P22141, P32944, P29311, P22216, P33298, P32496, P40303, P40302, P38886, P34730, P50086, P32943, P43588, P38764, P38147, P30657, P05759, P30283, P24868, P24869, Q04062, P23748, Q01939, P25451, P21243, Q12250, P21242, P40016, P23639, P32565, P24871, P24870, P32379, P00546, P33297, P33299, Q08723, P38110, P25043, P40327, P23724, P0CH08, P0CH09, P30656, P53549, P38624, P23638
Q06103, P40555, Q12377, P22141, P15873, P53091, P21951, P33298, P13382, Q08032, P32496, P40303, P40302, P38886, P50086, P43588, P38764, P30657, P05759, Q04062, P26754, Q01939, P25451, P21243, P15436, Q12250, P21242, P40016, P23639, P29496, P24279, P46957, P40339, P32565, P38121, P30665, P32379, P38859, P38251, P29469, P24482, P38630, P33297, P33299, P26793, P20457, Q08723, P25043, P40327, P22336, P23724, P0CH08, P0CH09, P40348, P54784, P30656, P53549, P38624, P23638, P38132, P10363, P38629
Q06103, P40555, Q12377, P22141, P15873, P53091, P21951, P33298, P13382, Q08032, P32496, P40303, P40302, P38886, P50086, P43588, P38764, P30657, P05759, Q04062, P26754, Q01939, P25451, P21243, P15436, Q12250, P21242, P40016, P23639, P29496, P24279, P46957, P40339, P32565, P38121, P30665, P32379, P38859, P38251, P29469, P24482, P38630, P33297, P33299, P26793, P20457, Q08723, P25043, P40327, P22336, P23724, P0CH08, P0CH09, P40348, P54784, P30656, P53549, P38624, P23638, P38132, P10363, P38629
P39875, P32829, P20435, P20434, P20436, P20433, Q03290, Q02939, Q12086, P15873, P14736, Q03834, P07276, P12689, P25336, P16370, P14284, Q00578, P53397, P25454, P32776, P38920, P05759, P22139, P06778, P06777, P28519, P26754, Q12021, P27999, P25847, Q04673, P25694, P34087, P07273, Q04048, P40339, P06839, P06838, P38251, P33755, P32628, P53044, P38630, P37366, P38110, P31378, P22336, Q01477, P0CH08, P0CH09, Q12004, P40348, P12753, P40352, P12887, Q08214, P38902, P38629, P14242, P06242
Q06103, P40555, Q12377, P22141, P53091, P33298, P32496, P40303, P40302, P38886, P50086, P43588, P38764, P30657, P05759, Q04062, Q01939, P25451, P21243, Q12250, P21242, P40016, P23639, P29496, P24279, P32565, P30665, P32379, P29469, P33297, P33299, Q08723, P25043, P40327, P23724, P0CH08, P0CH09, P54784, P30656, P53549, P38624, P23638, P38132
Q06103, P40555, Q12377, P22141, P53091, P33298, P32496, P40303, P40302, P38886, P50086, P43588, P38764, P30657, P05759, Q04062, Q01939, P25451, P21243, Q12250, P21242, P40016, P23639, P29496, P24279, P32565, P30665, P32379, P29469, P33297, P33299, Q08723, P25043, P40327, P23724, P0CH08, P0CH09, P54784, P30656, P53549, P38624, P23638, P38132
Q06103, P40555, Q12377, P22141, P53091, P33298, P32496, P40303, P40302, P38886, P50086, P43588, P38764, P30657, P05759, Q04062, Q01939, P25451, P21243, Q12250, P21242, P40016, P23639, P29496, P24279, P32565, P30665, P32379, P29469, P33297, P33299, Q08723, P25043, P40327, P23724, P0CH08, P0CH09, P54784, P30656, P53549, P38624, P23638, P38132
Q06103, P40555, Q12377, P22141, P22216, P33298, P32496, P40303, P40302, P38886, P50086, P43588, P38764, P38147, P30657, P05759, Q04062, P23748, Q01939, P25451, P21243, Q12250, P21242, P40016, P23639, P32565, P32379, P33297, P33299, Q08723, P38110, P25043, P40327, P23724, P0CH08, P0CH09, P30656, P53549, P38624, P23638
Q06103, P40555, Q12377, P22141, P22216, P33298, P32496, P40303, P40302, P38886, P50086, P43588, P38764, P38147, P30657, P05759, Q04062, P23748, Q01939, P25451, P21243, Q12250, P21242, P40016, P23639, P32565, P32379, P33297, P33299, Q08723, P38110, P25043, P40327, P23724, P0CH08, P0CH09, P30656, P53549, P38624, P23638
Q06103, P40555, Q12377, P22141, P22216, P33298, P32496, P40303, P40302, P38886, P50086, P43588, P38764, P38147, P30657, P05759, Q04062, P23748, Q01939, P25451, P21243, Q12250, P21242, P40016, P23639, P32565, P32379, P33297, P33299, Q08723, P38110, P25043, P40327, P23724, P0CH08, P0CH09, P30656, P53549, P38624, P23638
Q06103, P40555, Q12377, P22141, P22216, P33298, P32496, P40303, P40302, P38886, P50086, P43588, P38764, P38147, P30657, P05759, Q04062, P23748, Q01939, P25451, P21243, Q12250, P21242, P40016, P23639, P32565, P32379, P33297, P33299, Q08723, P38110, P25043, P40327, P23724, P0CH08, P0CH09, P30656, P53549, P38624, P23638
Q06103, P40555, Q12377, P22141, P33298, P32496, P40303, P40302, P38886, P50086, P43588, P38764, P30657, Q04062, Q01939, P25451, P21243, Q12250, P21242, P40016, P23639, P32565, P32379, P33297, P33299, Q08723, P25043, P40327, P23724, P30656, P53549, P38624, P23638
Q06103, P40555, Q12377, P22141, P33298, P32496, P40303, P40302, P38886, P50086, P43588, P38764, P30657, P05759, Q04062, Q01939, P25451, P21243, Q12250, P21242, P40016, P23639, P32565, P32379, P33297, P33299, Q08723, P25043, P40327, P23724, P0CH08, P0CH09, P54784, P30656, P53549, P38624, P23638
Q06103, P40555, Q12377, P22141, P33298, Q03497, P32496, P40303, P40302, P38886, P50086, P43588, P38764, P30657, P05759, Q04062, Q01939, P25451, P21243, Q12250, P21242, P40016, P23639, P32565, P32379, P33297, P33299, Q08723, P25043, P40327, P23724, P0CH08, P0CH09, P30656, P53549, P38624, P23638
Q06103, P40555, Q12377, P22141, P33298, Q03497, P32496, P40303, P40302, P38886, P50086, P43588, P38764, P30657, P05759, Q04062, Q01939, P25451, P21243, Q12250, P21242, P40016, P23639, P32565, P32379, P33297, P33299, Q08723, P25043, P40327, P23724, P0CH08, P0CH09, P30656, P53549, P38624, P23638
Q06103, P40555, Q12377, P22141, P33298, P32496, P40303, P40302, P38886, P50086, P43588, P38764, P30657, P05759, Q04062, Q01939, P25451, P21243, Q12250, P21242, P40016, P23639, P32565, P32379, P33297, P33299, Q08723, P25043, P40327, P23724, P0CH08, P0CH09, P30656, P53549, P38624, P23638
Q06103, P40555, Q12377, P22141, P33298, P32496, P40303, P40302, P38886, P50086, P43588, P38764, P30657, P05759, Q04062, Q01939, P25451, P21243, Q12250, P21242, P40016, P23639, P32565, P32379, P33297, P33299, Q08723, P25043, P40327, P23724, P0CH08, P0CH09, P30656, P53549, P38624, P23638
Q06103, P40555, Q12377, P22141, P33298, P32496, P40303, P40302, P38886, P50086, P43588, P38764, P30657, P05759, Q04062, Q01939, P25451, P21243, Q12250, P21242, P40016, P23639, P32565, P32454, P32379, P33297, P33299, Q08723, P25043, P40327, P23724, P0CH08, P0CH09, P37898, P30656, P53549, P38624, P23638
Q06103, P40555, Q12377, P22141, P33298, P32496, P40303, P40302, P38886, P50086, P43588, P38764, P30657, P05759, Q04062, Q01939, P25451, P21243, Q12250, P21242, P40016, P23639, P32565, P32454, P32379, P33297, P33299, Q08723, P25043, P40327, P23724, P0CH08, P0CH09, P37898, P30656, P53549, P38624, P23638
P20435, P20434, P40422, P20436, P25441, P32910, P22276, P28000, P17890, P13393, P32367, P22139, P29056, P39933, P46678, P04051, Q04307, P33339, P35718, P07703, P34111, P32349, P47076
P20435, P20434, P40422, P20436, P25441, P32910, P22276, P28000, P17890, P13393, P32367, P22139, P29056, P39933, P46678, P04051, Q04307, P33339, P35718, P07703, P34111, P32349, P47076
P20435, P20434, P40422, P20436, P25441, P32910, P22276, P28000, P17890, P13393, P32367, P22139, P29056, P39933, P46678, P04051, Q04307, P33339, P35718, P07703, P34111, P32349, P47076
P20435, P20434, P40422, P20436, P25441, P32910, P22276, P28000, P17890, P13393, P32367, P22139, P29056, P39933, P46678, P04051, Q04307, P33339, P35718, P07703, P34111, P32349, P47076
P20435, P20434, P40422, P20436, P25441, P32910, P22276, P28000, P17890, P13393, P32367, P22139, P29056, P39933, P46678, P04051, Q04307, P33339, P35718, P07703, P34111, P32349, P47076
P20435, P20434, P40422, P20436, P25441, P32910, P22276, P28000, P17890, P13393, P32367, P22139, P29056, P39933, P46678, P04051, Q04307, P33339, P35718, P07703, P34111, P32349, P47076
P20435, P20434, P40422, P20436, P25441, P32910, P22276, P28000, P17890, P13393, P32367, P22139, P29056, P39933, P46678, P04051, Q04307, P33339, P35718, P07703, P34111, P32349, P47076
P20435, P20434, P40422, P20436, P25441, P32910, P22276, P28000, P17890, P13393, P32367, P22139, P29056, P39933, P46678, P04051, Q04307, P33339, P35718, P07703, P34111, P32349, P47076
Q03761, P20435, P20434, P20436, P20433, Q03290, Q02939, P34160, P32914, P16370, Q00578, P32558, P13393, P11747, P32774, P32776, P22139, P29055, P41896, P32783, P27999, P27692, Q04673, P34087, Q05027, P06839, Q04636, Q04226, Q03254, P36100, Q12030, P37366, Q08920, P23255, Q12004, P38129, P38902, P46677, P53040, P06242
Q03761, P20435, P20434, P20436, P20433, Q03290, Q02939, P32914, P16370, Q00578, P32558, P13393, P11747, P32774, P32776, P22139, P29055, P41896, P27999, P27692, Q04673, P34087, Q05027, P06839, Q04636, Q04226, P36100, Q12030, P37366, P23255, Q12004, P38129, P38902, P46677, P53040, P06242
Q06103, P40555, Q12377, P22141, Q03407, P33298, Q03497, P04821, P32496, P13856, P40303, P40302, P38886, P19073, P50086, P43588, P38764, P30657, P05759, Q04062, Q01939, P25451, P21243, Q12250, P21242, P40016, P23639, P32565, P32454, P32379, P33297, P33299, Q08723, P25043, P40327, P23724, P0CH08, P0CH09, P37898, P30656, P53549, Q12236, P38624, P23638, P32383
Q03761, P20435, P20434, P20436, P20433, Q03290, Q02939, P16370, Q00578, P13393, P11747, P32774, P32776, P22139, P29055, P41896, P27999, Q04673, P34087, Q05027, P06839, Q04226, P36100, Q12030, P37366, P23255, Q12004, P38129, P38902, P46677, P53040, P06242
Q03761, P20435, P20434, P20436, P20433, Q03290, Q02939, P16370, Q00578, P13393, P11747, P32774, P32776, P22139, P29055, P41896, P27999, Q04673, P34087, Q05027, P06839, Q04226, P36100, Q12030, P37366, P23255, Q12004, P38129, P38902, P46677, P53040, P06242
Q03761, P20435, P20434, P20436, P20433, Q03290, Q02939, P16370, Q00578, P13393, P11747, P32774, P32776, P22139, P29055, P41896, P27999, Q04673, P34087, Q05027, P06839, Q04226, P36100, Q12030, P37366, P23255, Q12004, P38129, P38902, P46677, P53040, P06242
Q03761, P20435, P20434, P20436, P20433, Q03290, Q02939, P16370, Q00578, P13393, P11747, P32774, P32776, P22139, P29055, P41896, P27999, Q04673, P34087, Q05027, P06839, Q04226, P36100, Q12030, P37366, P23255, Q12004, P38129, P38902, P46677, P53040, P06242
Q06103, P40555, Q12377, P22141, P33298, Q03497, P32496, P40303, P40302, P38886, P50086, P43588, P38764, P30657, P05759, Q04062, Q01939, P25451, P21243, Q12250, P21242, P40016, P23639, P32565, P32379, P33297, P33299, Q08723, P25043, P40327, P23724, P0CH08, P0CH09, P00044, P30656, P53549, P38624, P23638, P00045
Q06103, P40555, Q12377, P22141, P33298, Q03497, P32496, P40303, P40302, P38886, P50086, P43588, P38764, P30657, P05759, Q04062, Q01939, P25451, P21243, Q12250, P21242, P40016, P23639, P32565, P32379, P33297, P33299, Q08723, P25043, P40327, P23724, P0CH08, P0CH09, P00044, P30656, P53549, P38624, P23638, P00045
P20435, P20434, P20436, P20433, Q03290, Q02939, P14736, P07276, P16370, Q00578, P32776, P22139, P06777, P28519, P26754, Q12021, P27999, Q04673, P34087, P07273, Q04048, P06839, P06838, P32628, P37366, P22336, Q12004, P40352, P38902, P06242
Q06103, P40555, Q12377, P22141, P33298, P39936, P32496, P40303, P40302, P38886, P50086, Q99383, P43588, P38764, P30657, P05759, Q04062, Q01939, P25451, P21243, Q12250, P21242, P40016, P23639, P32565, P32379, P33297, P33299, Q08723, P25043, P40327, P23724, P0CH08, P0CH09, P04147, P30656, P53549, P39935, P38624, P23638
P20435, P20434, P20436, P20433, Q03290, Q02939, P07276, P16370, Q00578, P32776, P22139, P06777, Q12021, P27999, Q04673, P34087, P07273, Q04048, P06839, P06838, P37366, Q12004, P40352, P38902, P06242
P20435, P20434, P20436, P20433, Q03290, Q02939, P07276, P16370, Q00578, P32776, P22139, P06777, Q12021, P27999, Q04673, P34087, P07273, Q04048, P06839, P06838, P37366, Q12004, P40352, P38902, P06242
P20435, P20434, P20436, P20433, Q03290, Q02939, P07276, P16370, Q00578, P32776, P22139, P06777, Q12021, P27999, Q04673, P34087, P07273, Q04048, P06839, P06838, P37366, Q12004, P40352, P38902, P06242
P38170, Q06156, P15790, P38989, P32943, P32364, P30283, P24868, P24869, Q12267, P32562, Q04410, P32567, P01123, Q06680, P24871, P24870, P00546, P38930, P19454, P43639
P15873, P13382, P26754, P15436, P46957, P40339, P38121, P38859, P38251, P38630, P26793, P20457, P22336, P40348, P10363, P38629
P20435, P20434, P40422, P20436, P25441, P32910, P22276, P28000, P17890, P22139, P04051, Q04307, P35718, P07703, P32349, P47076
P38170, Q06156, P15790, P38989, P32943, P30283, P24868, P24869, Q12267, Q06680, P24871, P24870, P00546, P38930, P19454, P43639
P38170, Q06156, P15790, P38989, P32943, P30283, P24868, P24869, Q12267, Q06680, P24871, P24870, P00546, P38930, P19454, P43639
P20435, P20434, P20436, P20433, Q03290, Q02939, P34160, P32914, P16370, Q00578, P32776, P22139, P41896, P27999, P27692, Q04673, P34087, P06839, Q03254, P37366, Q08920, Q12004, P38902, P06242
P20435, P20434, P20436, P20433, Q03290, Q02939, P34160, P32914, P16370, Q00578, P32776, P22139, P41896, P27999, P27692, Q04673, P34087, P06839, Q03254, P37366, Q08920, Q12004, P38902, P06242
P15873, P21951, P13382, Q08032, P32943, P06785, P30283, P24868, P24869, P23748, P07807, P09938, P38121, P24871, P24870, P00546, P24482, P20457, P54784, P10363
P15873, P21951, P13382, Q08032, P32943, P06785, P30283, P24868, P24869, P23748, P07807, P09938, P38121, P24871, P24870, P00546, P24482, P20457, P54784, P10363
Q06103, P40555, Q12377, P22141, P33298, P39936, P32496, P40303, P40302, P38886, P50086, Q99383, P43588, P38764, P30657, P05759, Q04062, Q01939, P25451, P21243, P47977, P47976, Q12250, P38217, P21242, P40016, P23639, P32565, P32379, P33297, P33299, Q08723, P25043, P40327, P23724, P0CH08, P0CH09, P04147, P30656, P53549, P39935, P38624, P23638
P54999, P20435, P20434, P20436, P20433, P34160, P19735, P43321, P16370, P23394, P39990, P22139, P41896, P27999, Q01560, Q04693, P40204, Q02260, Q99181, P34087, P40018, Q02554, P49955, Q08920, P38203, Q06819, Q06217, Q12330, P38902, P33334
P54999, P20435, P20434, P20436, P20433, P34160, P19735, P43321, P16370, P23394, P39990, P22139, P41896, P27999, Q01560, Q04693, P40204, Q02260, Q99181, P34087, P40018, Q02554, P49955, Q08920, P38203, Q06819, Q06217, Q12330, P38902, P33334
P32944, P29311, P22216, P34730, P32943, P38147, P30283, P24868, P24869, P23748, P24871, P24870, P00546, P38110
P15873, P13382, Q08032, P32943, P06785, P30283, P24868, P24869, P23748, P07807, P09938, P38121, P24871, P24870, P00546, P20457, P54784, P10363
Q03290, P32944, P32943, P30283, P24868, P24869, P23748, P32562, P24871, P24870, P00546, P37366, P06242
Q03290, P32944, P32943, P30283, P24868, P24869, P23748, P32562, P24871, P24870, P00546, P37366, P06242
Q03290, Q02939, P14736, P07276, Q00578, P32776, P06777, P28519, P26754, Q04673, P06839, P06838, P32628, P37366, P22336, Q12004, P06242
Q03290, Q02939, P14736, P07276, Q00578, P32776, P06777, P28519, P26754, Q04673, P06839, P06838, P32628, P37366, P22336, Q12004, P06242
Q03290, Q02939, P14736, P07276, Q00578, P32776, P06777, P28519, P26754, Q04673, P06839, P06838, P32628, P37366, P22336, Q12004, P06242
P54999, P20435, P20434, P20436, P20433, P34160, P19735, P43321, P16370, P23394, P39990, P22139, P41896, P27999, Q01560, Q04693, P40204, Q02260, Q99181, P34087, P40018, Q02554, P49955, Q08920, P38203, Q06819, Q06217, Q12330, P38902, P33334
P41810, P41811, P07560, P47142, P40343, P15303, P39929, Q04272, P38968, P39993, Q04491, P05759, P32074, P36095, P53622, Q12028, P53600, P53953, P36108, P40482, P35197, P20606, P43621, P0CH08, P0CH09, P19146, Q12483, P47102
P41810, P41811, P07560, P47142, P40343, P15303, P39929, Q04272, P38968, P39993, Q04491, P05759, P32074, P36095, P53622, Q12028, P53600, P53953, P36108, P40482, P35197, P20606, P43621, P0CH08, P0CH09, P19146, Q12483, P47102
Q06103, P40555, Q12446, P02829, Q12377, P22141, P22217, Q03407, P33298, Q03497, P04821, P38903, P32496, P13856, P40303, P40302, P38886, P19073, P36126, P50086, P43588, P38764, P30657, P05759, Q04062, Q05521, Q01939, P25451, P21243, P22803, Q12250, P21242, P40016, P23639, P15108, P07278, P32485, P32565, P32454, P32379, P00546, Q08446, P33297, P33299, Q08723, P25043, P16892, P14681, P40327, P23724, P0CH08, P0CH09, Q04924, P37898, P08018, P38128, P30656, P53549, Q12236, P38624, P23638, P32383, P06245, P06244
Q03290, P32944, P32943, P30283, P24868, P24869, P23748, P24871, P24870, P00546, P37366, P06242
P15873, P21951, P13382, P40339, P38121, P38251, P24482, P38630, P20457, P40348, P10363, P38629
P15873, P53091, P13382, Q08032, P26754, P15436, P29496, P24279, P46957, P40339, P38121, P30665, P38859, P38251, P29469, P38630, P26793, P20457, P22336, P40348, P38132, P10363, P38629
P20435, P20434, P20436, P20433, Q03290, Q02939, P34160, P16370, Q00578, P32776, P22139, P41896, P32783, P27999, P27692, Q04673, P34087, P06839, P37366, Q08920, Q12004, P38902, P06242
P41318, P02829, P29311, P36014, P22217, P32600, P50873, P32590, P38873, P23561, P25294, P38615, P34730, P06700, P40581, P22803, P15202, P15108, P32485, P41921, P34760, P35169, P32527, P10961, P53685, P27466, Q04120, P16892, P14681, P08018, P00044, P38013, P00447, P00045, Q01389, P22517
P15873, P13382, P26754, P15436, P46957, P38121, P38859, P26793, P20457, P22336, P10363
P15873, P13382, P26754, P15436, P46957, P38121, P38859, P26793, P20457, P22336, P10363
P15019, P37262, P38720, P53319, P53315, P53228, P38858, P50278, P11412, Q12189, P46969
P32943, P30283, P24868, P24869, P32562, Q04410, P32567, P01123, P24871, P24870, P00546
P20435, P20434, P20436, P20433, Q03290, Q02939, P16370, Q00578, P32776, P22139, P41896, P32783, P27999, P27692, Q04673, P34087, P06839, P37366, Q12004, P38902, P06242
P15873, P13382, P40339, P38121, P38251, P38630, P20457, P40348, P10363, P38629
P15873, P13382, P40339, P38121, P38251, P38630, P20457, P40348, P10363, P38629
P15873, P13382, P40339, P38121, P38251, P38630, P20457, P40348, P10363, P38629
P43637, P15019, P00549, P38903, P13856, P04710, P32604, P38142, P53142, P34164, P18238, P18239, P07278, P52489, P53228, Q04739, P06782, Q00955, P12904, P38990, P33333, P06245, P06244
P27796, P39540, P41909, P41903, P39518, Q02207, P25358, P13711, P40319
P27796, P39540, P41909, P41903, P39518, Q02207, P25358, P13711, P40319
P35187, P14736, Q02724, Q06624, P06778, P52488, P50623, P22336, Q12306
P15873, P12689, P14284, P05759, P26754, P25694, P40339, P38251, P33755, P53044, P38630, P22336, Q01477, P0CH08, P0CH09, P40348, P38629
P15873, P12689, P14284, P05759, P26754, P25694, P40339, P38251, P33755, P53044, P38630, P22336, Q01477, P0CH08, P0CH09, P40348, P38629
P32462, P10614, Q12452, P07277, P15496, P08524, Q12051, P12683, P38604, P29704, P54839, P32353, P32476, P53045, P32377, P53199
P15873, P12689, P14284, P05759, P26754, P40339, P38251, P38630, P22336, P0CH08, P0CH09, P40348, P38629
P15873, P12689, P14284, P05759, P26754, P40339, P38251, P38630, P22336, P0CH08, P0CH09, P40348, P38629
P32502, P32501, P14741, P09032, P32481, P20459, P09064, P12754
P32943, P30283, P24868, P24869, P23748, P24871, P24870, P00546
P32944, P32943, P30283, P24868, P24869, P24871, P24870, P00546
P32943, P30283, P24868, P24869, P23748, P24871, P24870, P00546
P32943, P30283, P24868, P24869, P24871, P24870, P00546, P53197
P32943, P30283, P24868, P24869, P24871, P24870, P00546, P53197
P32943, P30283, P24868, P24869, P24871, P24870, P00546, P53197
Q03764, P32796, P17898, P05375, P22140, P32567, P20485, P13259
P39077, P12612, P39076, P39079, P39078, P42943, P40413, P47079
P32943, P30283, P24868, P24869, P32567, P24871, P24870, P00546
P32943, P30283, P24868, P24869, P32567, P24871, P24870, P00546
P39875, Q12086, P15873, Q03834, P25336, P38920, P25847, P14242
Q03764, Q12289, P40559, Q07560, P32796, Q12271, P33412, P47147, P21954, P32462, P36014, P10614, P22219, P38221, P38226, Q12200, P39994, P39109, P39104, P17898, P27796, P36126, P05375, Q12246, Q12452, P32368, P22140, P06774, P32378, P39540, Q08548, P47013, P22543, P06197, P40581, P42951, P37297, P34164, Q99190, P23501, Q08650, P40015, P07277, P32567, P50942, P80235, Q06510, P53318, P20485, P41338, Q04739, P41909, P15496, P41903, P06782, P08524, P38152, Q12051, P12683, P38604, Q06708, Q02516, Q00955, P39518, P12904, Q02207, P29704, P25358, P40857, P38286, P54839, P38715, P41735, P34756, Q06147, P13259, P19146, P42837, P32353, P27680, P13711, P32476, Q05567, P13434, P49017, P53045, P32377, P40319, P33333, P53199
P15873, P12689, P05759, P26754, P40339, P38251, P38630, P22336, P0CH08, P0CH09, P40348, P38629
P32462, P06774, P08524, Q02516, P32353, P32476, P13434
P32462, P06774, P08524, Q02516, P32353, P32476, P13434
P39875, Q12086, P15873, Q03834, P38920, P25847, P14242
P39875, Q12086, P15873, P25336, P38920, P25847, P14242
P00942, P15019, P00549, P08431, P37262, P38063, P17709, Q02196, P38903, P16862, P16861, P32604, P38689, P38142, Q12520, P47011, P23542, P53142, P00924, P35497, P38720, P06738, Q03262, P36143, P00560, P52489, P53319, P53315, P53228, P38858, P38152, P17505, P12709, P50278, Q12482, P32861, P11412, P00359, Q12189, P32775, P46969, P27472, P09201, P33401, P00950, P04397, P11154, P54838, P38715, P53394, Q06143, Q06625, P04807, P38620, P43550, P06245, P06244
P15873, P05759, P26754, P25694, P40339, P38251, P33755, P53044, P38630, P22336, P0CH08, P0CH09, P40348, P38629
P41810, P41811, P39993, P32074, P53622, P53600, P35197, P43621, P19146, P47102
P41810, P41811, P39993, P32074, P53622, P53600, P35197, P43621, P19146, P47102
